sample_id,object_id,object_category,task,visualization_html_path,point_cloud_path,multi_channel_mask_path,review_status,keep_sample,quality_after_review,sample_issue_type,sample_notes,gripper_decision,gripper_issue_type,gripper_notes,suction_decision,suction_issue_type,suction_notes,hook_decision,hook_issue_type,hook_notes,dexterous_hand_decision,dexterous_hand_issue_type,dexterous_hand_notes
3danet_full_23d8f4bc9f6ef1e79ba80f08c401fbed_open_pull,3danet_full_23d8f4bc9f6ef1e79ba80f08c401fbed,Door,open_pull,processed/visualizations/html_v3/3danet_full_23d8f4bc9f6ef1e79ba80f08c401fbed_open_pull.html,processed/points/3d_affordancenet_full_shape_val_balanced_v3/3danet_full_23d8f4bc9f6ef1e79ba80f08c401fbed.npy,processed/masks/3d_affordancenet_full_shape_val_balanced_v3/3danet_full_23d8f4bc9f6ef1e79ba80f08c401fbed_open_pull.npy,needs_fix,yes,weak,none,suction面积过大，远离把手侧并不会通过suction将门打开,keep,none,,refine,over_label,区域过大，覆盖了整个门板，需要调整,keep,none,,keep,none,
3danet_full_23d8f4bc9f6ef1e79ba80f08c401fbed_press_push,3danet_full_23d8f4bc9f6ef1e79ba80f08c401fbed,Door,press_push,processed/visualizations/html_v3/3danet_full_23d8f4bc9f6ef1e79ba80f08c401fbed_press_push.html,processed/points/3d_affordancenet_full_shape_val_balanced_v3/3danet_full_23d8f4bc9f6ef1e79ba80f08c401fbed.npy,processed/masks/3d_affordancenet_full_shape_val_balanced_v3/3danet_full_23d8f4bc9f6ef1e79ba80f08c401fbed_press_push.npy,needs_fix,yes,checked,none,dexterous_hand应该可以对门板进行press操作,keep,none,,refine,wrong_region,应该标注整个门板，而不是把门板的边缘位置也进行标注，那部分不能用于press,,,,refine,missing_positive,门板和把手区域都可以使用dexterous_hand进行press操作，但是门板边缘不行
3danet_full_6fa3be2ac3e1cc7c2962d6cb797bc52e_open_pull,3danet_full_6fa3be2ac3e1cc7c2962d6cb797bc52e,Door,open_pull,processed/visualizations/html_v3/3danet_full_6fa3be2ac3e1cc7c2962d6cb797bc52e_open_pull.html,processed/points/3d_affordancenet_full_shape_val_balanced_v3/3danet_full_6fa3be2ac3e1cc7c2962d6cb797bc52e.npy,processed/masks/3d_affordancenet_full_shape_val_balanced_v3/3danet_full_6fa3be2ac3e1cc7c2962d6cb797bc52e_open_pull.npy,needs_fix,yes,weak,none,,keep,none,,refine,over_label,把手区域不应该被标注，无法使用suction；并且不应该标注整个门板区域，区域过大,keep,none,,keep,none,
3danet_full_6fa3be2ac3e1cc7c2962d6cb797bc52e_press_push,3danet_full_6fa3be2ac3e1cc7c2962d6cb797bc52e,Door,press_push,processed/visualizations/html_v3/3danet_full_6fa3be2ac3e1cc7c2962d6cb797bc52e_press_push.html,processed/points/3d_affordancenet_full_shape_val_balanced_v3/3danet_full_6fa3be2ac3e1cc7c2962d6cb797bc52e.npy,processed/masks/3d_affordancenet_full_shape_val_balanced_v3/3danet_full_6fa3be2ac3e1cc7c2962d6cb797bc52e_press_push.npy,needs_fix,yes,weak,none,,add_missing,missing_positive,对门进行press_pull操作，可以使用门把手进行推操作,refine,over_label,门把手部分不能被suction所使用，并且对于门板区域标注过大,keep,none,,refine,missing_positive,对门进行press_pull操作，可以使用门把手进行推操作
3danet_full_u3ac99406-67e2-41b5-a172-1b674c9aa2e8_open_pull,3danet_full_u3ac99406-67e2-41b5-a172-1b674c9aa2e8,Dishwasher,open_pull,processed/visualizations/html_v3/3danet_full_u3ac99406-67e2-41b5-a172-1b674c9aa2e8_open_pull.html,processed/points/3d_affordancenet_full_shape_val_balanced_v3/3danet_full_u3ac99406-67e2-41b5-a172-1b674c9aa2e8.npy,processed/masks/3d_affordancenet_full_shape_val_balanced_v3/3danet_full_u3ac99406-67e2-41b5-a172-1b674c9aa2e8_open_pull.npy,reject,no,weak,ambiguous_object,,,,,,,,,,,,,
3danet_full_ba66302db9cfa0147286af1ad775d13a_open_pull,3danet_full_ba66302db9cfa0147286af1ad775d13a,Dishwasher,open_pull,processed/visualizations/html_v3/3danet_full_ba66302db9cfa0147286af1ad775d13a_open_pull.html,processed/points/3d_affordancenet_full_shape_val_balanced_v3/3danet_full_ba66302db9cfa0147286af1ad775d13a.npy,processed/masks/3d_affordancenet_full_shape_val_balanced_v3/3danet_full_ba66302db9cfa0147286af1ad775d13a_open_pull.npy,needs_fix,yes,weak,none,,refine,over_label,应只有把手的部分可以进行open，正面的平面区域无法使用gripper,add_missing,missing_positive,正面有把手的平面区域可以用suction进行open操作,refine,needs_geometry_rule,把手部分需要验证是否存在孔洞区域能让hook进行操作，是否为有孔把手,refine,over_label,应只有把手的部分可以进行open，正面的平面区域无法使用dexterous_hand
3danet_full_5d089ccd-98db-4fb0-9e1a-9a5650390e54_pick_up,3danet_full_5d089ccd-98db-4fb0-9e1a-9a5650390e54,Earphone,pick_up,processed/visualizations/html_v3/3danet_full_5d089ccd-98db-4fb0-9e1a-9a5650390e54_pick_up.html,processed/points/3d_affordancenet_full_shape_val_balanced_v3/3danet_full_5d089ccd-98db-4fb0-9e1a-9a5650390e54.npy,processed/masks/3d_affordancenet_full_shape_val_balanced_v3/3danet_full_5d089ccd-98db-4fb0-9e1a-9a5650390e54_pick_up.npy,needs_fix,yes,weak,none,,refine,wrong_region,耳机的耳麦部分不应该被当做可以pick_up的区域,keep,none,,add_missing,missing_positive,耳机的头部连接区域应该是hook可以勾起来的区域,refine,wrong_region,耳机的耳麦部分不应该是可以pick_up的区域
3danet_full_5d089ccd-98db-4fb0-9e1a-9a5650390e54_lift_carry,3danet_full_5d089ccd-98db-4fb0-9e1a-9a5650390e54,Earphone,lift_carry,processed/visualizations/html_v3/3danet_full_5d089ccd-98db-4fb0-9e1a-9a5650390e54_lift_carry.html,processed/points/3d_affordancenet_full_shape_val_balanced_v3/3danet_full_5d089ccd-98db-4fb0-9e1a-9a5650390e54.npy,processed/masks/3d_affordancenet_full_shape_val_balanced_v3/3danet_full_5d089ccd-98db-4fb0-9e1a-9a5650390e54_lift_carry.npy,needs_fix,yes,weak,none,,refine,wrong_region,耳机的耳麦部分不能被gripper用来进行lift_carry操作,keep,none,,add_missing,missing_positive,耳机的头梁区域有区域可以被hook用来勾起，进行lift_carry的操作,refine,wrong_region,耳机的耳麦部分不能被dexterous_hand用来进行lift_carry操作
3danet_full_6bf1559769018cbb354b166143712fb3_pick_up,3danet_full_6bf1559769018cbb354b166143712fb3,Earphone,pick_up,processed/visualizations/html_v3/3danet_full_6bf1559769018cbb354b166143712fb3_pick_up.html,processed/points/3d_affordancenet_full_shape_val_balanced_v3/3danet_full_6bf1559769018cbb354b166143712fb3.npy,processed/masks/3d_affordancenet_full_shape_val_balanced_v3/3danet_full_6bf1559769018cbb354b166143712fb3_pick_up.npy,needs_fix,yes,weak,none,,refine,wrong_region,耳机的耳包部分不应该是可以被gripper的区域，耳机的头梁部分比较准确,keep,none,,add_missing,missing_positive,耳机头梁部分可以通过hook进行勾起操作,keep,none,
3danet_full_6bf1559769018cbb354b166143712fb3_lift_carry,3danet_full_6bf1559769018cbb354b166143712fb3,Earphone,lift_carry,processed/visualizations/html_v3/3danet_full_6bf1559769018cbb354b166143712fb3_lift_carry.html,processed/points/3d_affordancenet_full_shape_val_balanced_v3/3danet_full_6bf1559769018cbb354b166143712fb3.npy,processed/masks/3d_affordancenet_full_shape_val_balanced_v3/3danet_full_6bf1559769018cbb354b166143712fb3_lift_carry.npy,needs_fix,yes,weak,none,,refine,wrong_region,耳麦部分不能使用gripper进行lift操作，夹不住,keep,none,,add_missing,missing_positive,耳机的耳麦的弯曲部分能使用hook进行勾起操作,keep,none,
3danet_full_edb8e199485be4e968747a7f12307bdb_pick_up,3danet_full_edb8e199485be4e968747a7f12307bdb,Vase,pick_up,processed/visualizations/html_v3/3danet_full_edb8e199485be4e968747a7f12307bdb_pick_up.html,processed/points/3d_affordancenet_full_shape_val_balanced_v3/3danet_full_edb8e199485be4e968747a7f12307bdb.npy,processed/masks/3d_affordancenet_full_shape_val_balanced_v3/3danet_full_edb8e199485be4e968747a7f12307bdb_pick_up.npy,needs_fix,yes,weak,none,,keep,none,,add_missing,missing_positive,vase的盖子平面部分是可以suction进行 吸附pickup的,keep,none,,keep,none,
3danet_full_edb8e199485be4e968747a7f12307bdb_lift_carry,3danet_full_edb8e199485be4e968747a7f12307bdb,Vase,lift_carry,processed/visualizations/html_v3/3danet_full_edb8e199485be4e968747a7f12307bdb_lift_carry.html,processed/points/3d_affordancenet_full_shape_val_balanced_v3/3danet_full_edb8e199485be4e968747a7f12307bdb.npy,processed/masks/3d_affordancenet_full_shape_val_balanced_v3/3danet_full_edb8e199485be4e968747a7f12307bdb_lift_carry.npy,needs_fix,yes,weak,none,,refine,under_label,vase的盖子部分也能使用gripper进行lift_carry的操作，区域标注少了,add_missing,missing_positive,vase的盖子大平面部分能通过suction进行lift_carry的操作，盖子有大平面部分，suction能吸住平整面区域,keep,none,,refine,under_label,vase的盖子部分也能使用dexterous_hand进行lift_carry的操作，区域标注少了
3danet_full_3ef87a241213eb129f30f02514717f00_pick_up,3danet_full_3ef87a241213eb129f30f02514717f00,Knife,pick_up,processed/visualizations/html_v3/3danet_full_3ef87a241213eb129f30f02514717f00_pick_up.html,processed/points/3d_affordancenet_full_shape_val_balanced_v3/3danet_full_3ef87a241213eb129f30f02514717f00.npy,processed/masks/3d_affordancenet_full_shape_val_balanced_v3/3danet_full_3ef87a241213eb129f30f02514717f00_pick_up.npy,checked,yes,verified,none,,keep,none,,keep,none,,keep,none,,keep,none,
3danet_full_3ef87a241213eb129f30f02514717f00_lift_carry,3danet_full_3ef87a241213eb129f30f02514717f00,Knife,lift_carry,processed/visualizations/html_v3/3danet_full_3ef87a241213eb129f30f02514717f00_lift_carry.html,processed/points/3d_affordancenet_full_shape_val_balanced_v3/3danet_full_3ef87a241213eb129f30f02514717f00.npy,processed/masks/3d_affordancenet_full_shape_val_balanced_v3/3danet_full_3ef87a241213eb129f30f02514717f00_lift_carry.npy,checked,yes,checked,none,,keep,none,,keep,none,,keep,none,,keep,none,
3danet_full_b8fe56eeed3951392f98be9d5bb04d17_pick_up,3danet_full_b8fe56eeed3951392f98be9d5bb04d17,Knife,pick_up,processed/visualizations/html_v3/3danet_full_b8fe56eeed3951392f98be9d5bb04d17_pick_up.html,processed/points/3d_affordancenet_full_shape_val_balanced_v3/3danet_full_b8fe56eeed3951392f98be9d5bb04d17.npy,processed/masks/3d_affordancenet_full_shape_val_balanced_v3/3danet_full_b8fe56eeed3951392f98be9d5bb04d17_pick_up.npy,needs_fix,yes,checked,none,,,,,refine,needs_geometry_rule,刀柄区域如果几何上面积足够可以使用suction进行pickup，理论上小吸盘可能吸附,keep,none,,keep,none,
3danet_full_b8fe56eeed3951392f98be9d5bb04d17_lift_carry,3danet_full_b8fe56eeed3951392f98be9d5bb04d17,Knife,lift_carry,processed/visualizations/html_v3/3danet_full_b8fe56eeed3951392f98be9d5bb04d17_lift_carry.html,processed/points/3d_affordancenet_full_shape_val_balanced_v3/3danet_full_b8fe56eeed3951392f98be9d5bb04d17.npy,processed/masks/3d_affordancenet_full_shape_val_balanced_v3/3danet_full_b8fe56eeed3951392f98be9d5bb04d17_lift_carry.npy,checked,yes,checked,none,,keep,none,,keep,none,,keep,none,,keep,none,
3danet_full_e3095ecacc36080cb398a1cfd1079875_pick_up,3danet_full_e3095ecacc36080cb398a1cfd1079875,Bowl,pick_up,processed/visualizations/html_v3/3danet_full_e3095ecacc36080cb398a1cfd1079875_pick_up.html,processed/points/3d_affordancenet_full_shape_val_balanced_v3/3danet_full_e3095ecacc36080cb398a1cfd1079875.npy,processed/masks/3d_affordancenet_full_shape_val_balanced_v3/3danet_full_e3095ecacc36080cb398a1cfd1079875_pick_up.npy,checked,yes,checked,none,,keep,none,,keep,none,,keep,none,,keep,none,
3danet_full_e3095ecacc36080cb398a1cfd1079875_lift_carry,3danet_full_e3095ecacc36080cb398a1cfd1079875,Bowl,lift_carry,processed/visualizations/html_v3/3danet_full_e3095ecacc36080cb398a1cfd1079875_lift_carry.html,processed/points/3d_affordancenet_full_shape_val_balanced_v3/3danet_full_e3095ecacc36080cb398a1cfd1079875.npy,processed/masks/3d_affordancenet_full_shape_val_balanced_v3/3danet_full_e3095ecacc36080cb398a1cfd1079875_lift_carry.npy,checked,yes,checked,none,,keep,none,,keep,none,,keep,none,,keep,none,
3danet_full_5afe31025e8574ea8d6e12c39b2d5023_pick_up,3danet_full_5afe31025e8574ea8d6e12c39b2d5023,Bag,pick_up,processed/visualizations/html_v3/3danet_full_5afe31025e8574ea8d6e12c39b2d5023_pick_up.html,processed/points/3d_affordancenet_full_shape_val_balanced_v3/3danet_full_5afe31025e8574ea8d6e12c39b2d5023.npy,processed/masks/3d_affordancenet_full_shape_val_balanced_v3/3danet_full_5afe31025e8574ea8d6e12c39b2d5023_pick_up.npy,needs_fix,yes,weak,none,,keep,none,,keep,none,,add_missing,needs_geometry_rule,bag的把手部分可以使用hook进行pickup操作，存在明显的内孔可勾空间,keep,none,
3danet_full_5afe31025e8574ea8d6e12c39b2d5023_lift_carry,3danet_full_5afe31025e8574ea8d6e12c39b2d5023,Bag,lift_carry,processed/visualizations/html_v3/3danet_full_5afe31025e8574ea8d6e12c39b2d5023_lift_carry.html,processed/points/3d_affordancenet_full_shape_val_balanced_v3/3danet_full_5afe31025e8574ea8d6e12c39b2d5023.npy,processed/masks/3d_affordancenet_full_shape_val_balanced_v3/3danet_full_5afe31025e8574ea8d6e12c39b2d5023_lift_carry.npy,needs_fix,yes,weak,none,,keep,none,,keep,none,,add_missing,missing_positive,bag的有孔把手部分能被hook进行勾起操作,keep,none,
3danet_full_5afe31025e8574ea8d6e12c39b2d5023_open_pull,3danet_full_5afe31025e8574ea8d6e12c39b2d5023,Bag,open_pull,processed/visualizations/html_v3/3danet_full_5afe31025e8574ea8d6e12c39b2d5023_open_pull.html,processed/points/3d_affordancenet_full_shape_val_balanced_v3/3danet_full_5afe31025e8574ea8d6e12c39b2d5023.npy,processed/masks/3d_affordancenet_full_shape_val_balanced_v3/3danet_full_5afe31025e8574ea8d6e12c39b2d5023_open_pull.npy,reject,no,weak,ambiguous_object,,,,,,,,,,,,,
3danet_full_d1a20d867c2b8f459cd6e2005048d293_pick_up,3danet_full_d1a20d867c2b8f459cd6e2005048d293,Faucet,pick_up,processed/visualizations/html_v3/3danet_full_d1a20d867c2b8f459cd6e2005048d293_pick_up.html,processed/points/3d_affordancenet_full_shape_val_balanced_v3/3danet_full_d1a20d867c2b8f459cd6e2005048d293.npy,processed/masks/3d_affordancenet_full_shape_val_balanced_v3/3danet_full_d1a20d867c2b8f459cd6e2005048d293_pick_up.npy,reject,no,weak,task_mismatch,,,,,,,,,,,,,
3danet_full_d1a20d867c2b8f459cd6e2005048d293_lift_carry,3danet_full_d1a20d867c2b8f459cd6e2005048d293,Faucet,lift_carry,processed/visualizations/html_v3/3danet_full_d1a20d867c2b8f459cd6e2005048d293_lift_carry.html,processed/points/3d_affordancenet_full_shape_val_balanced_v3/3danet_full_d1a20d867c2b8f459cd6e2005048d293.npy,processed/masks/3d_affordancenet_full_shape_val_balanced_v3/3danet_full_d1a20d867c2b8f459cd6e2005048d293_lift_carry.npy,reject,no,weak,task_mismatch,,,,,,,,,,,,,
3danet_full_d1a20d867c2b8f459cd6e2005048d293_open_pull,3danet_full_d1a20d867c2b8f459cd6e2005048d293,Faucet,open_pull,processed/visualizations/html_v3/3danet_full_d1a20d867c2b8f459cd6e2005048d293_open_pull.html,processed/points/3d_affordancenet_full_shape_val_balanced_v3/3danet_full_d1a20d867c2b8f459cd6e2005048d293.npy,processed/masks/3d_affordancenet_full_shape_val_balanced_v3/3danet_full_d1a20d867c2b8f459cd6e2005048d293_open_pull.npy,needs_fix,yes,weak,none,,keep,none,,keep,none,,disable,wrong_region,这个水龙头把手并无法使用hook进行操作，并没有孔洞把手,keep,none,
3danet_full_19a3ce38f92f792376c18e71fd49c4dc_pick_up,3danet_full_19a3ce38f92f792376c18e71fd49c4dc,Faucet,pick_up,processed/visualizations/html_v3/3danet_full_19a3ce38f92f792376c18e71fd49c4dc_pick_up.html,processed/points/3d_affordancenet_full_shape_val_balanced_v3/3danet_full_19a3ce38f92f792376c18e71fd49c4dc.npy,processed/masks/3d_affordancenet_full_shape_val_balanced_v3/3danet_full_19a3ce38f92f792376c18e71fd49c4dc_pick_up.npy,reject,no,weak,task_mismatch,,,,,,,,,,,,,
3danet_full_19a3ce38f92f792376c18e71fd49c4dc_lift_carry,3danet_full_19a3ce38f92f792376c18e71fd49c4dc,Faucet,lift_carry,processed/visualizations/html_v3/3danet_full_19a3ce38f92f792376c18e71fd49c4dc_lift_carry.html,processed/points/3d_affordancenet_full_shape_val_balanced_v3/3danet_full_19a3ce38f92f792376c18e71fd49c4dc.npy,processed/masks/3d_affordancenet_full_shape_val_balanced_v3/3danet_full_19a3ce38f92f792376c18e71fd49c4dc_lift_carry.npy,reject,no,weak,task_mismatch,,,,,,,,,,,,,
3danet_full_19a3ce38f92f792376c18e71fd49c4dc_open_pull,3danet_full_19a3ce38f92f792376c18e71fd49c4dc,Faucet,open_pull,processed/visualizations/html_v3/3danet_full_19a3ce38f92f792376c18e71fd49c4dc_open_pull.html,processed/points/3d_affordancenet_full_shape_val_balanced_v3/3danet_full_19a3ce38f92f792376c18e71fd49c4dc.npy,processed/masks/3d_affordancenet_full_shape_val_balanced_v3/3danet_full_19a3ce38f92f792376c18e71fd49c4dc_open_pull.npy,checked,yes,checked,none,,keep,none,,keep,none,,keep,none,,keep,none,
3danet_full_f4897c9b20e811f1309c3ff4f31971fa_pick_up,3danet_full_f4897c9b20e811f1309c3ff4f31971fa,Scissors,pick_up,processed/visualizations/html_v3/3danet_full_f4897c9b20e811f1309c3ff4f31971fa_pick_up.html,processed/points/3d_affordancenet_full_shape_val_balanced_v3/3danet_full_f4897c9b20e811f1309c3ff4f31971fa.npy,processed/masks/3d_affordancenet_full_shape_val_balanced_v3/3danet_full_f4897c9b20e811f1309c3ff4f31971fa_pick_up.npy,needs_fix,yes,weak,none,,keep,none,,keep,none,,add_missing,missing_positive,剪刀的把手内侧区域明显可以使用hook进行钩起操作，有明显的空孔区域,keep,none,
3danet_full_f4897c9b20e811f1309c3ff4f31971fa_lift_carry,3danet_full_f4897c9b20e811f1309c3ff4f31971fa,Scissors,lift_carry,processed/visualizations/html_v3/3danet_full_f4897c9b20e811f1309c3ff4f31971fa_lift_carry.html,processed/points/3d_affordancenet_full_shape_val_balanced_v3/3danet_full_f4897c9b20e811f1309c3ff4f31971fa.npy,processed/masks/3d_affordancenet_full_shape_val_balanced_v3/3danet_full_f4897c9b20e811f1309c3ff4f31971fa_lift_carry.npy,needs_fix,yes,weak,none,,keep,none,,keep,none,,add_missing,missing_positive,剪刀的把手内侧区域明显可以使用hook进行lift_carry操作，有明显的空孔区域,keep,none,
3danet_full_ec46d0cc7ac00f16cb72f5e3f9027736_pick_up,3danet_full_ec46d0cc7ac00f16cb72f5e3f9027736,Scissors,pick_up,processed/visualizations/html_v3/3danet_full_ec46d0cc7ac00f16cb72f5e3f9027736_pick_up.html,processed/points/3d_affordancenet_full_shape_val_balanced_v3/3danet_full_ec46d0cc7ac00f16cb72f5e3f9027736.npy,processed/masks/3d_affordancenet_full_shape_val_balanced_v3/3danet_full_ec46d0cc7ac00f16cb72f5e3f9027736_pick_up.npy,needs_fix,yes,weak,none,,keep,none,,keep,none,,refine,missing_positive,剪刀的把手内侧区域明显可以使用hook进行钩起操作，有明显的空孔区域,keep,none,
3danet_full_ec46d0cc7ac00f16cb72f5e3f9027736_lift_carry,3danet_full_ec46d0cc7ac00f16cb72f5e3f9027736,Scissors,lift_carry,processed/visualizations/html_v3/3danet_full_ec46d0cc7ac00f16cb72f5e3f9027736_lift_carry.html,processed/points/3d_affordancenet_full_shape_val_balanced_v3/3danet_full_ec46d0cc7ac00f16cb72f5e3f9027736.npy,processed/masks/3d_affordancenet_full_shape_val_balanced_v3/3danet_full_ec46d0cc7ac00f16cb72f5e3f9027736_lift_carry.npy,needs_fix,yes,weak,none,,keep,none,,keep,none,,,,剪刀的把手内侧区域明显可以使用hook进行钩起操作，有明显的空孔区域,keep,none,
3danet_full_eeafc14e4e0db2ca3b481215325f1515_pick_up,3danet_full_eeafc14e4e0db2ca3b481215325f1515,Chair,pick_up,processed/visualizations/html_v3/3danet_full_eeafc14e4e0db2ca3b481215325f1515_pick_up.html,processed/points/3d_affordancenet_full_shape_val_balanced_v3/3danet_full_eeafc14e4e0db2ca3b481215325f1515.npy,processed/masks/3d_affordancenet_full_shape_val_balanced_v3/3danet_full_eeafc14e4e0db2ca3b481215325f1515_pick_up.npy,needs_fix,yes,weak,none,,add_missing,needs_geometry_rule,椅背上部边缘可以通过gripper进行pickup操作,refine,over_label,椅座部分的侧面边缘不应被标记为可使用suction进行pickup，底部也不用被标注,keep,none,,add_missing,needs_geometry_rule,椅背上部边缘可以通过gripper进行pickup操作
3danet_full_eeafc14e4e0db2ca3b481215325f1515_lift_carry,3danet_full_eeafc14e4e0db2ca3b481215325f1515,Chair,lift_carry,processed/visualizations/html_v3/3danet_full_eeafc14e4e0db2ca3b481215325f1515_lift_carry.html,processed/points/3d_affordancenet_full_shape_val_balanced_v3/3danet_full_eeafc14e4e0db2ca3b481215325f1515.npy,processed/masks/3d_affordancenet_full_shape_val_balanced_v3/3danet_full_eeafc14e4e0db2ca3b481215325f1515_lift_carry.npy,needs_fix,yes,weak,none,,add_missing,missing_positive,对于椅背的上部分区域应该标注为可以使用dexterous_hand进行抓起的操作,refine,over_label,座椅的边缘区域和底部区域不应该被标注可使用suction进行lift操作,keep,none,,add_missing,missing_positive,对于椅背的上部分区域应该标注为可以使用dexterous_hand进行抓起的操作
3danet_full_f5d8dd0309401ebac47a35332c17cce2_pick_up,3danet_full_f5d8dd0309401ebac47a35332c17cce2,Chair,pick_up,processed/visualizations/html_v3/3danet_full_f5d8dd0309401ebac47a35332c17cce2_pick_up.html,processed/points/3d_affordancenet_full_shape_val_balanced_v3/3danet_full_f5d8dd0309401ebac47a35332c17cce2.npy,processed/masks/3d_affordancenet_full_shape_val_balanced_v3/3danet_full_f5d8dd0309401ebac47a35332c17cce2_pick_up.npy,needs_fix,yes,weak,none,,add_missing,missing_positive,椅背上部可以使用gripper进行pickup操作，或者是当前椅子的左右两个连接单杆也可以,keep,none,,add_missing,missing_positive,椅背的下部分空洞区域，hook勾在椅背的下部区域可以pickup,add_missing,missing_positive,椅背上部可以使用gripper进行pickup操作，或者是当前椅子的左右两个连接单杆也可以
3danet_full_f5d8dd0309401ebac47a35332c17cce2_lift_carry,3danet_full_f5d8dd0309401ebac47a35332c17cce2,Chair,lift_carry,processed/visualizations/html_v3/3danet_full_f5d8dd0309401ebac47a35332c17cce2_lift_carry.html,processed/points/3d_affordancenet_full_shape_val_balanced_v3/3danet_full_f5d8dd0309401ebac47a35332c17cce2.npy,processed/masks/3d_affordancenet_full_shape_val_balanced_v3/3danet_full_f5d8dd0309401ebac47a35332c17cce2_lift_carry.npy,needs_fix,yes,weak,none,,refine,missing_positive,对于椅背的上部分区域应该标注为可以使用gripper进行抓起的操作,keep,none,,add_missing,missing_positive,椅背存在大面积的可挂接边界区域，能使用hook进行勾起操作,add_missing,missing_positive,对于椅背的上部分区域应该标注为可以使用dexterous_hand进行抓起的操作
3danet_full_542223f09a872e973858be97087c26ec_pick_up,3danet_full_542223f09a872e973858be97087c26ec,Bottle,pick_up,processed/visualizations/html_v3/3danet_full_542223f09a872e973858be97087c26ec_pick_up.html,processed/points/3d_affordancenet_full_shape_val_balanced_v3/3danet_full_542223f09a872e973858be97087c26ec.npy,processed/masks/3d_affordancenet_full_shape_val_balanced_v3/3danet_full_542223f09a872e973858be97087c26ec_pick_up.npy,needs_fix,yes,weak,none,,keep,none,,add_missing,missing_positive,bottle的盖子水平面区域可以使用suction进行pickup操作,keep,none,,keep,none,
3danet_full_542223f09a872e973858be97087c26ec_lift_carry,3danet_full_542223f09a872e973858be97087c26ec,Bottle,lift_carry,processed/visualizations/html_v3/3danet_full_542223f09a872e973858be97087c26ec_lift_carry.html,processed/points/3d_affordancenet_full_shape_val_balanced_v3/3danet_full_542223f09a872e973858be97087c26ec.npy,processed/masks/3d_affordancenet_full_shape_val_balanced_v3/3danet_full_542223f09a872e973858be97087c26ec_lift_carry.npy,needs_fix,yes,weak,none,,keep,none,,add_missing,missing_positive,盖子的大平面区域可以使用suction进行吸住然后lift_carry操作，当前没有标注这个区域,keep,none,,refine,under_label,盖子区域也能用dexterous_hand进行夹取操作来提起瓶子
3danet_full_542223f09a872e973858be97087c26ec_open_pull,3danet_full_542223f09a872e973858be97087c26ec,Bottle,open_pull,processed/visualizations/html_v3/3danet_full_542223f09a872e973858be97087c26ec_open_pull.html,processed/points/3d_affordancenet_full_shape_val_balanced_v3/3danet_full_542223f09a872e973858be97087c26ec.npy,processed/masks/3d_affordancenet_full_shape_val_balanced_v3/3danet_full_542223f09a872e973858be97087c26ec_open_pull.npy,needs_fix,yes,weak,none,,keep,none,,add_missing,missing_positive,杯子口的平面区域可通过hook进行open操作,keep,none,,keep,none,
3danet_full_6444875e3217bf891f5f48a891d827bd_pick_up,3danet_full_6444875e3217bf891f5f48a891d827bd,Bottle,pick_up,processed/visualizations/html_v3/3danet_full_6444875e3217bf891f5f48a891d827bd_pick_up.html,processed/points/3d_affordancenet_full_shape_val_balanced_v3/3danet_full_6444875e3217bf891f5f48a891d827bd.npy,processed/masks/3d_affordancenet_full_shape_val_balanced_v3/3danet_full_6444875e3217bf891f5f48a891d827bd_pick_up.npy,checked,yes,checked,none,,keep,none,,keep,none,,keep,none,,keep,none,
3danet_full_6444875e3217bf891f5f48a891d827bd_lift_carry,3danet_full_6444875e3217bf891f5f48a891d827bd,Bottle,lift_carry,processed/visualizations/html_v3/3danet_full_6444875e3217bf891f5f48a891d827bd_lift_carry.html,processed/points/3d_affordancenet_full_shape_val_balanced_v3/3danet_full_6444875e3217bf891f5f48a891d827bd.npy,processed/masks/3d_affordancenet_full_shape_val_balanced_v3/3danet_full_6444875e3217bf891f5f48a891d827bd_lift_carry.npy,checked,yes,checked,none,,keep,none,,keep,none,,keep,none,,keep,none,
3danet_full_3420e627144ab8bcba7ad9409a09b1a9_open_pull,3danet_full_3420e627144ab8bcba7ad9409a09b1a9,Microwave,open_pull,processed/visualizations/html_v3/3danet_full_3420e627144ab8bcba7ad9409a09b1a9_open_pull.html,processed/points/3d_affordancenet_full_shape_val_balanced_v3/3danet_full_3420e627144ab8bcba7ad9409a09b1a9.npy,processed/masks/3d_affordancenet_full_shape_val_balanced_v3/3danet_full_3420e627144ab8bcba7ad9409a09b1a9_open_pull.npy,needs_fix,yes,weak,none,,add_missing,missing_positive,microwave的把手区域应标注为可以open,disable,executor_mismatch,当前物体无可以使用suction打开的部分,add_missing,missing_positive,微波炉正面的有孔把手可使用hook进行open操作,add_missing,missing_positive,microwave的把手区域应标注为可以open
3danet_full_dc4e9bf3eaadf2544c62bee40dcdc539_open_pull,3danet_full_dc4e9bf3eaadf2544c62bee40dcdc539,StorageFurniture,open_pull,processed/visualizations/html_v3/3danet_full_dc4e9bf3eaadf2544c62bee40dcdc539_open_pull.html,processed/points/3d_affordancenet_full_shape_val_balanced_v3/3danet_full_dc4e9bf3eaadf2544c62bee40dcdc539.npy,processed/masks/3d_affordancenet_full_shape_val_balanced_v3/3danet_full_dc4e9bf3eaadf2544c62bee40dcdc539_open_pull.npy,reject,no,weak,ambiguous_object,,,,,,,,,,,,,
3danet_full_58c878d494ecbbd62835d3f06aeb6e0_open_pull,3danet_full_58c878d494ecbbd62835d3f06aeb6e0,Refrigerator,open_pull,processed/visualizations/html_v3/3danet_full_58c878d494ecbbd62835d3f06aeb6e0_open_pull.html,processed/points/3d_affordancenet_full_shape_val_balanced_v3/3danet_full_58c878d494ecbbd62835d3f06aeb6e0.npy,processed/masks/3d_affordancenet_full_shape_val_balanced_v3/3danet_full_58c878d494ecbbd62835d3f06aeb6e0_open_pull.npy,needs_fix,yes,weak,none,,keep,none,,add_missing,missing_positive,把手部分的大平面区域可通过suction进行open操作,keep,none,可挂孔洞把手区域可使用hook进行open,keep,none,
3danet_full_c34718bd10e378186c6c61abcbd83e5a_pick_up,3danet_full_c34718bd10e378186c6c61abcbd83e5a,Mug,pick_up,processed/visualizations/html_v3/3danet_full_c34718bd10e378186c6c61abcbd83e5a_pick_up.html,processed/points/3d_affordancenet_full_shape_val_balanced_v3/3danet_full_c34718bd10e378186c6c61abcbd83e5a.npy,processed/masks/3d_affordancenet_full_shape_val_balanced_v3/3danet_full_c34718bd10e378186c6c61abcbd83e5a_pick_up.npy,needs_fix,yes,weak,none,,refine,under_label,把手区域能通过gripper进行pickup操作，不只有杯身可以使用gripper,add_missing,needs_geometry_rule,杯身部分的曲率需要验证查看能否通过suction进行pickup操作,add_missing,missing_positive,把手拉环部分的区域能使用hook进行勾起操作,refine,under_label,把手区域能通过gripper进行pickup操作，不只有杯身可以使用gripper
3danet_full_c34718bd10e378186c6c61abcbd83e5a_lift_carry,3danet_full_c34718bd10e378186c6c61abcbd83e5a,Mug,lift_carry,processed/visualizations/html_v3/3danet_full_c34718bd10e378186c6c61abcbd83e5a_lift_carry.html,processed/points/3d_affordancenet_full_shape_val_balanced_v3/3danet_full_c34718bd10e378186c6c61abcbd83e5a.npy,processed/masks/3d_affordancenet_full_shape_val_balanced_v3/3danet_full_c34718bd10e378186c6c61abcbd83e5a_lift_carry.npy,needs_fix,yes,weak,none,,refine,under_label,杯子把手部分能使用gripper进行lift_carry操作，当前没有进行标注,keep,none,,add_missing,missing_positive,杯子的有孔把手部分能被hook用来进行lift_carry操作,refine,under_label,杯子把手部分能使用dexterous_hand进行lift_carry操作，当前没有进行标注
3danet_full_f99e19b8c4a729353deb88581ea8417a_pick_up,3danet_full_f99e19b8c4a729353deb88581ea8417a,Mug,pick_up,processed/visualizations/html_v3/3danet_full_f99e19b8c4a729353deb88581ea8417a_pick_up.html,processed/points/3d_affordancenet_full_shape_val_balanced_v3/3danet_full_f99e19b8c4a729353deb88581ea8417a.npy,processed/masks/3d_affordancenet_full_shape_val_balanced_v3/3danet_full_f99e19b8c4a729353deb88581ea8417a_pick_up.npy,needs_fix,yes,weak,none,,keep,none,,add_missing,needs_geometry_rule,杯身部分的曲率应该通过验证后查看是否能使用suction进行pickup,add_missing,missing_positive,杯子把手部分属于可挂接的孔洞，能使用hook进行pickup操作,keep,none,
3danet_full_f99e19b8c4a729353deb88581ea8417a_lift_carry,3danet_full_f99e19b8c4a729353deb88581ea8417a,Mug,lift_carry,processed/visualizations/html_v3/3danet_full_f99e19b8c4a729353deb88581ea8417a_lift_carry.html,processed/points/3d_affordancenet_full_shape_val_balanced_v3/3danet_full_f99e19b8c4a729353deb88581ea8417a.npy,processed/masks/3d_affordancenet_full_shape_val_balanced_v3/3danet_full_f99e19b8c4a729353deb88581ea8417a_lift_carry.npy,needs_fix,yes,weak,none,,keep,none,,keep,none,,add_missing,missing_positive,杯子的有孔把手部分能使用hook对杯子进行lift_carry操作,keep,none,
3danet_full_f6517b0bad40b72d36871b478a4420ba_press_push,3danet_full_f6517b0bad40b72d36871b478a4420ba,Keyboard,press_push,processed/visualizations/html_v3/3danet_full_f6517b0bad40b72d36871b478a4420ba_press_push.html,processed/points/3d_affordancenet_full_shape_val_balanced_v3/3danet_full_f6517b0bad40b72d36871b478a4420ba.npy,processed/masks/3d_affordancenet_full_shape_val_balanced_v3/3danet_full_f6517b0bad40b72d36871b478a4420ba_press_push.npy,needs_fix,yes,weak,none,,keep,none,,keep,none,,keep,none,,refine,under_label,对于keyboard，正面的所有按键部分都是dexterous_hand可以press_push的部分
3danet_full_687f75ed3da5e7c5b876ea42ec76b6cd_press_push,3danet_full_687f75ed3da5e7c5b876ea42ec76b6cd,Keyboard,press_push,processed/visualizations/html_v3/3danet_full_687f75ed3da5e7c5b876ea42ec76b6cd_press_push.html,processed/points/3d_affordancenet_full_shape_val_balanced_v3/3danet_full_687f75ed3da5e7c5b876ea42ec76b6cd.npy,processed/masks/3d_affordancenet_full_shape_val_balanced_v3/3danet_full_687f75ed3da5e7c5b876ea42ec76b6cd_press_push.npy,needs_fix,yes,weak,none,,keep,none,,keep,none,,keep,none,,refine,under_label,对于keyboard来说，正面的所有按键部分都是可以进行press_push的区域
3danet_full_bbc685f481cee10f668ae11a7db5e82a_pick_up,3danet_full_bbc685f481cee10f668ae11a7db5e82a,Table,pick_up,processed/visualizations/html_v3/3danet_full_bbc685f481cee10f668ae11a7db5e82a_pick_up.html,processed/points/3d_affordancenet_full_shape_val_balanced_v3/3danet_full_bbc685f481cee10f668ae11a7db5e82a.npy,processed/masks/3d_affordancenet_full_shape_val_balanced_v3/3danet_full_bbc685f481cee10f668ae11a7db5e82a_pick_up.npy,reject,no,weak,task_mismatch,,disable,executor_mismatch,,disable,executor_mismatch,,disable,executor_mismatch,,disable,executor_mismatch,
3danet_full_bbc685f481cee10f668ae11a7db5e82a_lift_carry,3danet_full_bbc685f481cee10f668ae11a7db5e82a,Table,lift_carry,processed/visualizations/html_v3/3danet_full_bbc685f481cee10f668ae11a7db5e82a_lift_carry.html,processed/points/3d_affordancenet_full_shape_val_balanced_v3/3danet_full_bbc685f481cee10f668ae11a7db5e82a.npy,processed/masks/3d_affordancenet_full_shape_val_balanced_v3/3danet_full_bbc685f481cee10f668ae11a7db5e82a_lift_carry.npy,reject,no,weak,task_mismatch,,,,,,,,,,,,,
3danet_full_7937479e527b07dd19fb4103277a6b93_pick_up,3danet_full_7937479e527b07dd19fb4103277a6b93,Table,pick_up,processed/visualizations/html_v3/3danet_full_7937479e527b07dd19fb4103277a6b93_pick_up.html,processed/points/3d_affordancenet_full_shape_val_balanced_v3/3danet_full_7937479e527b07dd19fb4103277a6b93.npy,processed/masks/3d_affordancenet_full_shape_val_balanced_v3/3danet_full_7937479e527b07dd19fb4103277a6b93_pick_up.npy,reject,no,weak,task_mismatch,,not_applicable,executor_mismatch,,disable,executor_mismatch,,disable,executor_mismatch,,disable,executor_mismatch,
3danet_full_7937479e527b07dd19fb4103277a6b93_lift_carry,3danet_full_7937479e527b07dd19fb4103277a6b93,Table,lift_carry,processed/visualizations/html_v3/3danet_full_7937479e527b07dd19fb4103277a6b93_lift_carry.html,processed/points/3d_affordancenet_full_shape_val_balanced_v3/3danet_full_7937479e527b07dd19fb4103277a6b93.npy,processed/masks/3d_affordancenet_full_shape_val_balanced_v3/3danet_full_7937479e527b07dd19fb4103277a6b93_lift_carry.npy,checked,yes,weak,none,,keep,none,,keep,none,,keep,none,,keep,none,
3danet_full_babeae78f6d2412a15dd7d7985e749c1_pick_up,3danet_full_babeae78f6d2412a15dd7d7985e749c1,Bed,pick_up,processed/visualizations/html_v3/3danet_full_babeae78f6d2412a15dd7d7985e749c1_pick_up.html,processed/points/3d_affordancenet_full_shape_val_balanced_v3/3danet_full_babeae78f6d2412a15dd7d7985e749c1.npy,processed/masks/3d_affordancenet_full_shape_val_balanced_v3/3danet_full_babeae78f6d2412a15dd7d7985e749c1_pick_up.npy,reject,no,weak,task_mismatch,,,,,,,,,,,,,
3danet_full_babeae78f6d2412a15dd7d7985e749c1_lift_carry,3danet_full_babeae78f6d2412a15dd7d7985e749c1,Bed,lift_carry,processed/visualizations/html_v3/3danet_full_babeae78f6d2412a15dd7d7985e749c1_lift_carry.html,processed/points/3d_affordancenet_full_shape_val_balanced_v3/3danet_full_babeae78f6d2412a15dd7d7985e749c1.npy,processed/masks/3d_affordancenet_full_shape_val_balanced_v3/3danet_full_babeae78f6d2412a15dd7d7985e749c1_lift_carry.npy,reject,no,weak,task_mismatch,,,,,,,,,,,,,
3danet_full_447c50e658d729f044ededc21cf0e35e_pick_up,3danet_full_447c50e658d729f044ededc21cf0e35e,Bed,pick_up,processed/visualizations/html_v3/3danet_full_447c50e658d729f044ededc21cf0e35e_pick_up.html,processed/points/3d_affordancenet_full_shape_val_balanced_v3/3danet_full_447c50e658d729f044ededc21cf0e35e.npy,processed/masks/3d_affordancenet_full_shape_val_balanced_v3/3danet_full_447c50e658d729f044ededc21cf0e35e_pick_up.npy,reject,no,weak,task_mismatch,,,,,,,,,,,,,
3danet_full_447c50e658d729f044ededc21cf0e35e_lift_carry,3danet_full_447c50e658d729f044ededc21cf0e35e,Bed,lift_carry,processed/visualizations/html_v3/3danet_full_447c50e658d729f044ededc21cf0e35e_lift_carry.html,processed/points/3d_affordancenet_full_shape_val_balanced_v3/3danet_full_447c50e658d729f044ededc21cf0e35e.npy,processed/masks/3d_affordancenet_full_shape_val_balanced_v3/3danet_full_447c50e658d729f044ededc21cf0e35e_lift_carry.npy,reject,no,weak,task_mismatch,,,,,,,,,,,,,
3danet_full_f72dc1ffeae0168aadcfd37206a0d18b_press_push,3danet_full_f72dc1ffeae0168aadcfd37206a0d18b,Laptop,press_push,processed/visualizations/html_v3/3danet_full_f72dc1ffeae0168aadcfd37206a0d18b_press_push.html,processed/points/3d_affordancenet_full_shape_val_balanced_v3/3danet_full_f72dc1ffeae0168aadcfd37206a0d18b.npy,processed/masks/3d_affordancenet_full_shape_val_balanced_v3/3danet_full_f72dc1ffeae0168aadcfd37206a0d18b_press_push.npy,needs_fix,yes,weak,none,,keep,none,,keep,none,,keep,none,,refine,under_label,对于laptop，电脑上的所有按键都应是可以press_push的区域，当前标注区域偏少
3danet_full_d786b5399e27a82978522e02fc65059_press_push,3danet_full_d786b5399e27a82978522e02fc65059,Laptop,press_push,processed/visualizations/html_v3/3danet_full_d786b5399e27a82978522e02fc65059_press_push.html,processed/points/3d_affordancenet_full_shape_val_balanced_v3/3danet_full_d786b5399e27a82978522e02fc65059.npy,processed/masks/3d_affordancenet_full_shape_val_balanced_v3/3danet_full_d786b5399e27a82978522e02fc65059_press_push.npy,needs_fix,yes,weak,none,,keep,none,,keep,none,,keep,none,,refine,under_label,对于laptop，电脑上的所有按键都应是可以press_push的区域，当前标注区域偏少
3danet_full_200b3f3d859c8677ad5067eac75a07f7_open_pull,3danet_full_200b3f3d859c8677ad5067eac75a07f7,TrashCan,open_pull,processed/visualizations/html_v3/3danet_full_200b3f3d859c8677ad5067eac75a07f7_open_pull.html,processed/points/3d_affordancenet_full_shape_val_balanced_v3/3danet_full_200b3f3d859c8677ad5067eac75a07f7.npy,processed/masks/3d_affordancenet_full_shape_val_balanced_v3/3danet_full_200b3f3d859c8677ad5067eac75a07f7_open_pull.npy,reject,no,weak,task_mismatch,,,,,,,,,,,,,
3danet_full_c2d6739b7d2b6cadad5067eac75a07f7_open_pull,3danet_full_c2d6739b7d2b6cadad5067eac75a07f7,TrashCan,open_pull,processed/visualizations/html_v3/3danet_full_c2d6739b7d2b6cadad5067eac75a07f7_open_pull.html,processed/points/3d_affordancenet_full_shape_val_balanced_v3/3danet_full_c2d6739b7d2b6cadad5067eac75a07f7.npy,processed/masks/3d_affordancenet_full_shape_val_balanced_v3/3danet_full_c2d6739b7d2b6cadad5067eac75a07f7_open_pull.npy,reject,no,weak,task_mismatch,,,,,,,,,,,,,
